{
    "hosting": {
        "public": "dist/public",
        "ignore": [
            "firebase.json",
            "**/.*",
            "**/node_modules/**"
        ],
        "rewrites": [
            {
                "source": "/api/**",
                "function": "api"
            },
            {
                "source": "**",
                "destination": "/index.html"
            }
        ]
    },
    "functions": {
        "source": ".",
        "ignore": [
            "node_modules",
            ".git",
            "firebase.json",
            "**/node_modules/**",
            "package-lock.json"
        ],
        "predeploy": [
            "npm run build"
        ]
    }
}